,occ,0,1,emp_2018,wage,sqrt_emp
0,Accountants and auditors,-26.651518,-7.6738505,1436.1,71550.0,37.89591006955764
1,Actors,22.89551,-15.341402,70.1,,8.372574275573792
2,Actuaries,-30.352959,-10.973314,27.7,108350.0,5.263078946776307
3,Adhesive bonding machine operators and tenders,32.281845,4.142823,14.0,34340.0,3.7416573867739413
4,"Administrative law judges, adjudicators, and hearing officers",-8.270143,-18.568361,15.4,97870.0,3.924283374069717
5,"Adult basic education, adult secondary education, and English as a Second Language instructors",-13.11397,-12.803886,59.3,54350.0,7.700649323271382
6,Advertising and promotions managers,-4.2501945,-11.066116,28.6,125510.0,5.347896782848375
7,Advertising sales agents,-4.1441875,-12.377782,139.2,53310.0,11.7983049630021
8,Aerospace engineering and operations technologists and technicians,1.6867961,12.569192,11.9,66020.0,3.449637662132068
9,Aerospace engineers,-37.83023,3.7081935,66.4,116500.0,8.148619514985345
10,"Agents and business managers of artists, performers, and athletes",-5.1685023,-11.686577,21.9,73740.0,4.679743582719036
11,Agricultural engineers,-33.3162,5.1511474,1.7,80720.0,1.3038404810405297
12,Agricultural equipment operators,29.587772,1.4128698,70.3,31950.0,8.384509526501834
13,Agricultural inspectors,-3.3618486,-0.86829865,15.2,45490.0,3.8987177379235853
14,"Agricultural sciences teachers, postsecondary",-26.304617,2.781395,11.4,83260.0,3.3763886032268267
15,Air traffic controllers,-17.859034,-11.654559,24.3,122990.0,4.929503017546495
16,Aircraft mechanics and service technicians,1.1261443,20.174158,137.2,64090.0,11.713240371477058
17,"Aircraft structure, surfaces, rigging, and systems assemblers",5.104119,18.54029,43.9,54210.0,6.6257075093909785
18,Airfield operations specialists,-8.459736,10.525418,10.9,52650.0,3.3015148038438356
19,"Airline pilots, copilots, and flight engineers",0.43279427,24.595287,85.5,147220.0,9.246621004453464
20,"Ambulance drivers and attendants, except emergency medical technicians",8.739105,10.863242,14.9,25890.0,3.8600518131237567
21,Amusement and recreation attendants,19.198454,-12.04902,357.7,23370.0,18.912958520548813
22,Animal breeders,20.287573,-9.636402,8.4,42920.0,2.898275349237888
23,Animal caretakers,12.463446,-7.7027955,300.7,24780.0,17.340703561274555
24,Animal control workers,-2.3417192,-0.2702255,13.9,37590.0,3.7282703764614498
25,Animal scientists,-30.42277,0.5029828,2.8,60300.0,1.6733200530681511
26,Animal trainers,-13.538094,-5.979835,50.2,30430.0,7.085195833567341
27,Anthropologists and archeologists,-30.337114,-0.5327258,8.0,63670.0,2.8284271247461903
28,"Anthropology and archeology teachers, postsecondary",-24.412052,-11.200879,7.2,86220.0,2.6832815729997477
29,"Arbitrators, mediators, and conciliators",-5.2404976,-17.690836,7.3,63930.0,2.701851217221259
30,"Architects, except landscape and naval",-29.932068,5.727051,129.9,80750.0,11.397368117245314
31,Architectural and civil drafters,1.305135,-5.95876,102.9,56340.0,10.143963722332607
32,Architectural and engineering managers,-34.340767,2.659622,198.1,144830.0,14.074800176201437
33,"Architecture teachers, postsecondary",-27.8151,4.0741105,8.5,87900.0,2.9154759474226504
34,Archivists,-23.318972,4.805641,8.1,53950.0,2.8460498941515415
35,"Area, ethnic, and cultural studies teachers, postsecondary",-22.050283,-14.688762,13.4,77070.0,3.6606010435446255
36,Art directors,-9.407289,-5.385788,99.1,94220.0,9.954898291795853
37,"Art, drama, and music teachers, postsecondary",-20.076628,4.4391727,116.3,69530.0,10.784247771634329
38,Astronomers,-33.858837,-6.842827,2.3,114590.0,1.51657508881031
39,Athletes and sports competitors,-13.2236595,13.244839,13.6,51370.0,3.687817782917155
40,Athletic trainers,-9.939242,7.0903897,32.1,48440.0,5.665686189686118
41,Atmospheric and space scientists,-31.00708,-7.7403584,9.9,95380.0,3.146426544510455
42,"Atmospheric, earth, marine, and space sciences teachers, postsecondary",-19.349922,-9.613331,13.1,92040.0,3.6193922141707713
43,Audio and video technicians,3.371962,10.025018,91.8,45910.0,9.581231653602787
44,Audiologists,-10.836128,0.43326983,13.8,77600.0,3.714835124201342
45,Audiovisual equipment installers and repairers,10.211155,6.0075088,29.7,39510.0,5.449770637375485
46,Automotive and watercraft service attendants,11.484543,8.384613,118.8,25200.0,10.89954127475097
47,Automotive body and related repairers,14.044098,11.011408,155.5,43580.0,12.469963913339926
48,Automotive glass installers and repairers,25.027494,-3.563448,24.3,35790.0,4.929503017546495
49,Automotive service technicians and mechanics,7.8204904,21.987566,756.6,42090.0,27.506362900245463
50,Avionics technicians,2.7177198,19.522938,22.8,65700.0,4.774934554525329
51,Baggage porters and bellhops,8.668353,9.930713,40.6,25580.0,6.371812928829597
52,Bailiffs,11.033188,-12.760775,20.3,47830.0,4.505552130427524
53,Bakers,25.019087,-10.182787,199.3,27700.0,14.117365193264641
54,Barbers,14.699928,-11.833916,66.5,30150.0,8.154753215150045
55,Bartenders,16.113218,-8.234275,654.7,23680.0,25.58710612789184
56,Bicycle repairers,13.899202,0.24535537,13.2,30330.0,3.63318042491699
57,Bill and account collectors,6.550076,-17.784096,238.9,37000.0,15.45639026422405
58,Billing and posting clerks,4.6418924,-14.409916,484.2,38740.0,22.004544985070698
59,Biochemists and biophysicists,-36.10512,-1.0472654,34.6,94490.0,5.882176467941097
60,Bioengineers and biomedical engineers,-36.889816,1.406124,21.2,91410.0,4.604345773288535
61,"Biological science teachers, postsecondary",-31.657667,-2.8222852,64.7,83300.0,8.043631020876083
62,Biological scientists,-31.263369,1.8297166,120.6,79580.0,10.981803130633876
63,"Biological scientists, all other",-33.29614,-3.741259,44.7,82220.0,6.685805860178712
64,Biological technicians,3.927421,2.0521061,87.5,45860.0,9.354143466934854
65,Boilermakers,14.6846285,15.921186,15.9,63100.0,3.987480407475377
66,"Bookkeeping, accounting, and auditing clerks",3.4702866,-16.222656,1673.6,41230.0,40.909656561745905
67,Brickmasons and blockmasons,11.406013,15.8178835,81.9,53100.0,9.049861877399014
68,Bridge and lock tenders,22.542995,-9.329516,3.3,50110.0,1.816590212458495
69,Broadcast announcers and radio disc jockeys,-5.3566146,-4.3384604,40.8,34630.0,6.387487769068525
70,Broadcast technicians,2.5134447,16.3716,32.7,40570.0,5.718391382198319
71,Brokerage clerks,5.042699,-18.323124,48.6,52750.0,6.971370023173351
72,Budget analysts,-2.7047958,-18.864815,55.4,76540.0,7.443117626371358
73,Bus and truck mechanics and diesel engine specialists,8.228811,22.757053,281.3,48500.0,16.772000476985447
74,"Business teachers, postsecondary",-20.893946,-14.60861,105.1,87200.0,10.251829105091442
75,Butchers and meat cutters,14.1390505,-1.2482932,137.5,32500.0,11.726039399558575
76,Cabinetmakers and bench carpenters,28.917522,14.783984,112.2,35790.0,10.59245014149229
77,Camera and photographic equipment repairers,19.321022,1.7035965,4.2,38880.0,2.04939015319192
78,"Camera operators, television, video, and film",11.6461315,4.100386,29.7,55160.0,5.449770637375485
79,"Captains, mates, and pilots of water vessels",2.2842662,23.851332,38.9,72340.0,6.23698645180507
80,Cardiovascular technologists and technicians,-3.7095828,6.122749,57.4,57720.0,7.576278769950324
81,"Career/technical education teachers, middle school",-15.600298,-8.503872,11.8,60800.0,3.4351128074635335
82,"Career/technical education teachers, postsecondary",-11.388199,12.088264,124.1,54620.0,11.140017953306897
83,"Career/technical education teachers, secondary school",-19.199842,4.2831526,73.8,61710.0,8.590692637965812
84,Cargo and freight agents,0.13829283,-13.582954,97.2,43740.0,9.85900603509299
85,Carpenters,16.886171,13.9064865,1024.1,48330.0,32.00156246185489
86,Carpet installers,20.238829,13.9180565,36.5,40090.0,6.041522986797286
87,Cartographers and photogrammetrists,-0.44979665,-6.1990714,12.0,65470.0,3.4641016151377544
88,Cashiers,16.458347,-10.045366,3611.7,23655.0,60.097420909719574
89,Cement masons and concrete finishers,11.070596,16.403284,200.4,44810.0,14.15627069534911
90,Chefs and head cooks,-14.711415,-1.575119,148.7,51530.0,12.19426094521517
91,Chemical engineers,-37.22856,1.958372,32.6,108770.0,5.709640969448079
92,Chemical equipment operators and tenders,10.872087,19.311106,88.5,49130.0,9.40744386111339
93,Chemical plant and system operators,27.313477,3.5608659,29.2,62550.0,5.403702434442518
94,Chemical technicians,0.40089518,13.763478,68.1,49260.0,8.252272414311102
95,"Chemistry teachers, postsecondary",-18.824362,-9.77931,26.4,79550.0,5.138093031466052
96,Chemists,0.32032534,12.7414465,86.7,77630.0,9.311283477587825
97,Chief executives,-26.195395,-3.983977,287.9,184460.0,16.967616214424464
98,"Child, family, and school social workers",-14.562069,-15.094733,342.5,47390.0,18.506755523321747
99,Childcare workers,20.333012,-13.755622,1146.4,24230.0,33.85852920609518
100,Chiropractors,-12.651236,6.2531505,51.1,70340.0,7.148426400264607
101,Choreographers,-20.787155,5.083204,5.5,46330.0,2.345207879911715
102,Civil engineering technologists and technicians,0.62296224,-5.975234,70.9,53410.0,8.420213774008355
103,Civil engineers,-30.296432,4.761928,329.2,87060.0,18.143869488066763
104,"Claims adjusters, examiners, and investigators",-5.972076,-15.981645,332.9,66790.0,18.245547402037573
105,Cleaners of vehicles and equipment,27.342352,-9.711111,408.4,25800.0,20.208908926510603
106,"Cleaning, washing, and metal pickling equipment operators and tenders",25.54682,5.9146776,16.3,31850.0,4.03732584763727
107,Clergy,-11.45703,-14.11939,243.9,50400.0,15.617298101784444
108,"Clinical, counseling, and school psychologists",-16.79337,-15.281294,171.5,78200.0,13.095800853708795
109,Coaches and scouts,-14.389483,-4.675964,292.0,34840.0,17.08800749063506
110,"Coil winders, tapers, and finishers",23.111334,6.9881635,13.0,36520.0,3.605551275463989
111,"Coin, vending, and amusement machine servicers and repairers",25.324394,0.14579062,37.0,35420.0,6.082762530298219
112,Commercial and industrial designers,2.1131828,-4.6663604,42.2,68890.0,6.496152707564686
113,Commercial divers,10.074862,15.195109,4.0,49980.0,2.0
114,Commercial pilots,0.90990824,24.4106,41.6,86080.0,6.44980619863884
115,"Communications teachers, postsecondary",-20.021833,-12.298014,35.6,70630.0,5.966573556070519
116,Community health workers,-23.15948,2.912347,64.9,40360.0,8.056053624449133
117,Compensation and benefits managers,-25.134045,-7.714877,18.0,122270.0,4.242640687119285
118,"Compensation, benefits, and job analysis specialists",-3.3923516,-18.402475,94.4,64560.0,9.715966241192895
119,Compliance officers,-8.7374525,-8.385567,337.6,69050.0,18.373894524569362
120,Computer and information systems managers,-27.683907,-0.4727965,461.0,146360.0,21.470910553583888
121,Computer hardware engineers,-38.0664,4.6649313,71.1,117220.0,8.432081593533118
122,"Computer science teachers, postsecondary",-32.559883,-5.297795,38.5,85180.0,6.2048368229954285
123,"Computer, automated teller, and office machine repairers",19.11637,2.4462547,112.3,39530.0,10.597169433391164
124,Concierges,-15.733714,-4.826504,42.6,31390.0,6.526867548832288
125,Conservation scientists,-13.989621,11.650386,24.5,62660.0,4.949747468305833
126,Construction and building inspectors,-2.9444401,-2.1146455,120.8,60710.0,10.99090533122727
127,Construction laborers,19.050545,15.436415,1398.0,36860.0,37.389838191679836
128,Construction managers,-29.531681,4.2052946,476.7,95260.0,21.833460559425756
129,Continuous mining machine operators,17.278522,20.146446,15.0,55280.0,3.872983346207417
130,"Control and valve installers and repairers, except mechanical door",2.4987338,21.004732,53.1,58100.0,7.286974680894672
131,Conveyor operators and tenders,12.9931965,18.601528,23.9,34660.0,4.888762624632126
132,"Cooks, fast food",24.796947,-9.335456,534.0,23510.0,23.108440016582687
133,"Cooks, institution and cafeteria",17.765955,-7.4323564,420.2,27750.0,20.498780451529306
134,"Cooks, private household",19.252857,-9.81583,23.8,37870.0,4.878524367060187
135,"Cooks, restaurant",14.527035,-2.796334,1417.3,27790.0,37.64704503676218
136,"Cooks, short order",15.656256,-5.013223,154.7,25150.0,12.437845472588892
137,Cooling and freezing equipment operators and tenders,11.943422,21.638388,9.4,35290.0,3.0659419433511785
138,Correctional officers and jailers,-4.1685376,-0.31253704,442.0,45180.0,21.02379604162864
139,Correspondence clerks,2.9750462,-15.11016,6.8,38140.0,2.6076809620810595
140,Cost estimators,-29.423115,-7.823238,214.2,65250.0,14.635573101180562
141,Costume attendants,23.051561,2.6050556,7.7,41410.0,2.7748873851023217
142,Counter and rental clerks,16.785847,-5.091164,420.4,28820.0,20.503658210182884
143,Couriers and messengers,22.438574,-4.656069,121.8,29690.0,11.036303729057115
144,"Court, municipal, and license clerks",5.260066,-15.317014,163.7,39380.0,12.794530081249565
145,Craft artists,15.127395,2.4558716,10.6,34710.0,3.255764119219941
146,Crane and tower operators,16.32263,18.937218,45.7,56690.0,6.760177512462229
147,Credit analysts,1.3446083,-16.627254,74.9,73650.0,8.654478609367523
148,"Credit authorizers, checkers, and clerks",2.175101,-16.18737,26.9,40100.0,5.186520991955976
149,Credit counselors,0.684255,-15.418545,35.6,45950.0,5.966573556070519
150,"Criminal justice and law enforcement teachers, postsecondary",-20.788574,-15.523933,16.8,62860.0,4.09878030638384
151,Crossing guards and flaggers,21.859198,-11.198367,86.7,29760.0,9.311283477587825
152,"Crushing, grinding, and polishing machine setters, operators, and tenders",28.838982,10.554261,35.3,37560.0,5.941380311005179
153,Curators,-23.327448,4.7293477,14.5,54570.0,3.8078865529319543
154,Customer service representatives,-8.6507635,-12.33896,3018.8,34710.0,54.943607453460864
155,"Cutters and trimmers, hand",28.922453,-4.1054683,9.8,30200.0,3.1304951684997055
156,"Cutting and slicing machine setters, operators, and tenders",24.85669,8.777028,59.8,35600.0,7.733045971672482
157,"Cutting, punching, and press machine setters, operators, and tenders, metal and plastic",30.365095,6.9746156,195.7,35610.0,13.989281611290838
158,Dancers,23.280931,-15.137677,11.4,,3.3763886032268267
159,Data entry keyers,0.9336297,-13.353312,172.4,33490.0,13.130118049735882
160,Demonstrators and product promoters,16.45888,-11.708173,88.1,30930.0,9.386160024205852
161,Dental assistants,-3.3741112,5.008502,354.6,40080.0,18.83082579177026
162,Dental laboratory technicians,22.545109,4.8563585,36.2,41340.0,6.016643582596529
163,"Dentists, general",-14.593701,7.943212,132.1,155600.0,11.493476410555685
164,"Derrick operators, oil and gas",25.00182,15.503264,12.0,46990.0,3.4641016151377544
165,Desktop publishers,-6.136478,-2.3358178,10.4,45390.0,3.22490309931942
166,Detectives and criminal investigators,-8.661733,-8.025902,113.5,83170.0,10.653637876331258
167,Diagnostic medical sonographers,-4.251538,5.240151,74.3,74320.0,8.61974477580398
168,Dietetic technicians,-5.572219,1.9499342,30.2,28400.0,5.495452665613635
169,Dietitians and nutritionists,-20.226366,-2.6239302,74.2,61270.0,8.613942186943213
170,Dining room and cafeteria attendants and bartender helpers,15.593531,-5.999381,488.0,23470.0,22.090722034374522
171,"Directors, religious activities and education",-21.644123,-0.7093127,157.5,43860.0,12.549900398011133
172,Dishwashers,16.498919,-2.5247676,522.3,23970.0,22.853883696212336
173,"Dispatchers, except police, fire, and ambulance",-10.535379,-3.8390372,204.6,40190.0,14.303845636750978
174,"Door-to-door sales workers, news and street vendors, and related workers",16.515072,-13.415983,72.9,27420.0,8.538149682454625
175,Dredge operators,29.227077,-1.8818499,1.6,47040.0,1.2649110640673518
176,"Drilling and boring machine tool setters, operators, and tenders, metal and plastic",29.26664,8.553932,11.2,38910.0,3.3466401061363023
177,Driver/sales workers,18.104773,-5.0236955,487.4,25860.0,22.077137495608437
178,Drywall and ceiling tile installers,27.853298,-4.9364457,125.1,45700.0,11.184811129384348
179,"Economics teachers, postsecondary",-25.141413,-16.32278,16.8,104370.0,4.09878030638384
180,Economists,-29.126701,-12.836686,20.5,105020.0,4.527692569068709
181,Editors,-1.1528448,-11.960272,118.7,61370.0,10.894952959971878
182,"Education administrators, all other",-20.290976,-1.3498274,52.1,85450.0,7.2180329730474355
183,"Education administrators, kindergarten through secondary",-23.122171,-1.5481586,283.2,96400.0,16.828547174370104
184,"Education administrators, postsecondary",-25.385853,-5.7719193,190.5,95410.0,13.80217374184226
185,"Education and childcare administrators, preschool and daycare",-17.716944,-2.4907496,69.2,48210.0,8.318653737234168
186,"Education teachers, postsecondary",-21.881224,-12.575094,77.3,65510.0,8.792041856133306
187,"Educational, guidance, and career counselors and advisors",-17.578077,-14.135525,333.5,57040.0,18.261982367749674
188,"Electric motor, power tool, and related repairers",6.545164,22.751852,17.9,44070.0,4.230839160261236
189,Electrical and electronic engineering technologists and technicians,3.5140312,18.569296,125.8,65260.0,11.216059914247962
190,Electrical and electronics drafters,3.4896302,-5.3639765,25.3,61530.0,5.029910535983717
191,"Electrical and electronics installers and repairers, transportation equipment",6.489963,19.750866,9.2,62530.0,3.03315017762062
192,"Electrical and electronics repairers, commercial and industrial equipment",3.4470756,19.97583,61.2,59300.0,7.8230428862431785
193,"Electrical and electronics repairers, powerhouse, substation, and relay",4.241197,21.450691,23.0,82780.0,4.795831523312719
194,Electrical engineers,-36.64486,4.9095993,193.1,98530.0,13.896042602122375
195,Electrical power-line installers and repairers,-7.8748193,18.483501,115.0,72520.0,10.723805294763608
196,Electricians,13.028915,14.19819,739.2,56180.0,27.188232748746287
197,Electro-mechanical and mechatronics technologists and technicians,3.9411912,19.77919,14.6,58350.0,3.82099463490856
198,"Electronic equipment installers and repairers, motor vehicles",6.1327734,15.931392,10.4,37380.0,3.22490309931942
199,"Electronics engineers, except computer",-37.19065,5.1248546,134.9,105570.0,11.61464592658769
200,"Elementary school teachers, except special education",-13.886008,-10.966903,1452.1,59670.0,38.1064299036265
201,Elevator and escalator installers and repairers,6.0219016,24.36706,28.9,84990.0,5.375872022286245
202,"Eligibility interviewers, government programs",4.2390056,-15.326775,147.5,46590.0,12.144957801491119
203,Embalmers,7.4060197,10.142782,3.9,47760.0,1.9748417658131499
204,Emergency management directors,-23.571737,-0.8515742,10.4,74590.0,3.22490309931942
205,Engine and other machine assemblers,31.411844,6.364734,45.9,45660.0,6.774953874381729
206,"Engineering teachers, postsecondary",-34.277157,-3.479591,44.6,101010.0,6.6783231428256
207,"Engineers, all other",-35.524353,3.941225,170.1,99040.0,13.042239071570494
208,"English language and literature teachers, postsecondary",-23.075972,-12.667678,81.3,68490.0,9.016651263079881
209,Environmental engineering technologists and technicians,3.8732417,4.285362,18.5,50620.0,4.301162633521313
210,Environmental engineers,-30.960682,4.883371,55.8,88860.0,7.469939758793239
211,"Environmental science teachers, postsecondary",-32.453297,-2.0647535,7.6,82430.0,2.756809750418044
212,"Environmental scientists and specialists, including health",-29.86863,-6.5586534,90.9,71360.0,9.534149149242422
213,Epidemiologists,-28.840433,-10.453168,8.0,70990.0,2.8284271247461903
214,Etchers and engravers,20.199978,5.4009867,12.9,30620.0,3.591656999213594
215,Executive secretaries and executive administrative assistants,-7.4529076,-11.707786,593.4,60890.0,24.359802954868087
216,Exercise physiologists,-12.604597,7.2328253,19.8,49170.0,4.449719092257398
217,Exercise trainers and group fitness instructors,13.285845,-9.713801,373.7,40390.0,19.33132173442882
218,"Extruding and drawing machine setters, operators, and tenders, metal and plastic",27.631407,8.846586,77.4,36320.0,8.79772697916911
219,"Extruding and forming machine setters, operators, and tenders, synthetic and glass fibers",26.660114,10.119637,19.0,36110.0,4.358898943540674
220,"Extruding, forming, pressing, and compacting machine setters, operators, and tenders",28.457796,8.175042,72.4,35480.0,8.508818954473059
221,Fabric and apparel patternmakers,3.5946913,-3.3134289,6.0,45070.0,2.449489742783178
222,Fallers,34.822437,-0.51397175,7.2,44650.0,2.6832815729997477
223,"Family and consumer sciences teachers, postsecondary",-17.084723,-9.987656,2.5,76480.0,1.5811388300841898
224,Farm and home management educators,-23.88906,2.7169514,10.4,49710.0,3.22490309931942
225,Farm equipment mechanics and service technicians,13.214531,9.529622,40.8,42200.0,6.387487769068525
226,Farm labor contractors,21.131666,-7.6680965,0.8,61910.0,0.8944271909999159
227,"Farmers, ranchers, and other agricultural managers",-11.084282,14.117962,952.3,71160.0,30.859358386071477
228,"Farmworkers and laborers, crop, nursery, and greenhouse",27.368128,-10.404754,566.5,25440.0,23.80126047082381
229,"Farmworkers, farm, ranch, and aquacultural animals",12.245479,12.227266,245.4,27830.0,15.665248162732693
230,Fashion designers,-29.616524,7.219114,28.3,73790.0,5.319774431308154
231,Fence erectors,17.276707,13.322948,34.2,35800.0,5.848076606885378
232,File clerks,7.2685213,-12.313091,106.7,32710.0,10.329569206893384
233,Film and video editors,1.2156671,-11.19347,38.3,63780.0,6.18869937870632
234,Financial examiners,-27.361004,-8.028101,66.9,81090.0,8.179242018671413
235,Financial managers,-24.977047,-6.496756,697.9,129890.0,26.417797031546744
236,"Fine artists, including painters, sculptors, and illustrators",17.612555,-0.0420948,28.3,50550.0,5.319774431308154
237,Fire inspectors and investigators,-15.56043,11.394371,14.2,61660.0,3.7682887362833544
238,Firefighters,-8.963107,16.383497,335.5,50850.0,18.3166590840142
239,First-line supervisors of construction trades and extraction workers,-10.927689,13.14729,685.0,66210.0,26.1725046566048
240,First-line supervisors of correctional officers,-17.430517,9.203309,48.7,63730.0,6.978538528947161
241,"First-line supervisors of farming, fishing, and forestry workers",10.26458,16.145811,53.2,48280.0,7.293833011524188
242,First-line supervisors of firefighting and prevention workers,-9.492483,17.5784,71.5,77800.0,8.455767262643882
243,First-line supervisors of food preparation and serving workers,12.91492,-2.195091,1039.3,33400.0,32.23817612707022
244,First-line supervisors of housekeeping and janitorial workers,12.49091,-1.2239879,231.9,40780.0,15.228263197095066
245,"First-line supervisors of landscaping, lawn service, and groundskeeping workers",-14.538829,-0.8159754,170.7,49370.0,13.065221008463652
246,"First-line supervisors of mechanics, installers, and repairers",-10.826979,13.545215,499.1,67460.0,22.340546098965444
247,First-line supervisors of non-retail sales workers,-25.599684,-4.358667,409.8,74760.0,20.243517480912253
248,First-line supervisors of office and administrative support workers,-16.422573,-0.99016273,1552.4,56620.0,39.400507610943286
249,First-line supervisors of police and detectives,-17.575586,9.475332,126.1,91090.0,11.229425630903835
250,First-line supervisors of production and operating workers,6.5265326,13.2878275,648.9,61310.0,25.473515658424535
251,First-line supervisors of retail sales workers,-15.049845,-3.310486,1476.4,40350.0,38.42395086401189
252,Fish and game wardens,-15.291066,12.869357,7.2,57500.0,2.6832815729997477
253,Flight attendants,10.525443,-7.3741846,121.9,56640.0,11.040833301884419
254,"Floor layers, except carpet, wood, and hard tiles",18.986498,10.222453,22.9,44240.0,4.78539444560216
255,Floor sanders and finishers,35.477196,-3.1641185,7.0,39610.0,2.6457513110645907
256,Floral designers,18.85125,-9.769795,51.8,28040.0,7.197221686178632
257,"Food and tobacco roasting, baking, and drying machine operators and tenders",7.6081104,13.102852,22.1,31590.0,4.701063709417263
258,Food batchmakers,25.970043,5.813936,162.5,30790.0,12.747548783981962
259,Food cooking machine operators and tenders,23.974777,9.153888,30.4,31110.0,5.513619500836088
260,Food preparation workers,14.119922,-2.1732254,886.7,24800.0,29.77750829065454
261,Food scientists and technologists,-34.720306,1.5993589,14.2,68970.0,3.7682887362833544
262,"Food servers, nonrestaurant",24.272833,-10.937086,284.6,24430.0,16.870091878825082
263,Food service managers,15.687547,-6.9444633,352.6,55320.0,18.777646284878198
264,"Foreign language and literature teachers, postsecondary",-21.714476,-16.30829,30.6,69990.0,5.531726674375733
265,Forensic science technicians,5.116769,4.1813536,17.2,59150.0,4.147288270665544
266,Forest and conservation workers,-11.90331,14.644508,13.2,31770.0,3.63318042491699
267,Forest fire inspectors and prevention specialists,-9.832503,16.00733,2.3,45270.0,1.51657508881031
268,Foresters,-13.559391,12.004683,11.6,61790.0,3.40587727318528
269,"Forestry and conservation science teachers, postsecondary",-26.797565,-10.423227,2.1,85450.0,1.449137674618944
270,"Forging machine setters, operators, and tenders, metal and plastic",31.321798,4.1223745,16.4,39670.0,4.049691346263317
271,Foundry mold and coremakers,31.804337,-0.77255535,17.6,35590.0,4.1952353926806065
272,Fundraisers,-21.957937,-6.310615,100.6,57970.0,10.029955134495866
273,Funeral attendants,-8.397015,14.337318,34.3,27930.0,5.856620185738529
274,"Furnace, kiln, oven, drier, and kettle operators and tenders",25.571188,10.414456,21.6,40090.0,4.6475800154489
275,Furniture finishers,23.992197,6.4819384,17.4,32480.0,4.171330722922842
276,Gambling and sports book writers and runners,12.083672,-13.529137,10.4,24750.0,3.22490309931942
277,Gambling cage workers,11.041839,-13.925154,14.6,28040.0,3.82099463490856
278,Gambling change persons and booth cashiers,13.092163,-4.830715,21.7,25690.0,4.658325879540846
279,Gambling dealers,24.167667,-13.327951,102.9,21260.0,10.143963722332607
280,Gambling managers,-17.5091,0.01277785,5.1,74970.0,2.258317958127243
281,Gambling surveillance officers and gambling investigators,-0.4907847,10.919165,10.5,34190.0,3.24037034920393
282,Gas compressor and gas pumping station operators,9.100876,21.436039,3.7,66160.0,1.9235384061671346
283,Gas plant operators,20.604073,7.8252068,14.7,70710.0,3.8340579025361627
284,General and operations managers,-16.97391,0.17724831,2486.4,100780.0,49.86381453519175
285,Genetic counselors,-18.267496,-16.593433,2.6,81880.0,1.61245154965971
286,Geographers,-31.773397,-7.7474265,1.6,81540.0,1.2649110640673518
287,"Geography teachers, postsecondary",-26.19191,-11.869143,4.8,80520.0,2.1908902300206643
288,"Geoscientists, except hydrologists and geographers",-31.731508,0.81727284,31.8,92040.0,5.639148871948674
289,Glaziers,20.929958,12.920694,52.8,44630.0,7.26636084983398
290,"Graders and sorters, agricultural products",31.008562,-6.9804053,38.3,25670.0,6.18869937870632
291,Graphic designers,-1.4253633,-10.653497,281.5,52110.0,16.777961735562517
292,"Grinding and polishing workers, hand",26.483881,8.717154,29.0,30600.0,5.385164807134504
293,"Grinding, lapping, polishing, and buffing machine tool setters, operators, and tenders, metal and plastic",29.677261,10.898328,77.1,36100.0,8.780660567406077
294,"Hairdressers, hairstylists, and cosmetologists",9.8188505,-0.5528213,656.1,26090.0,25.614449047363873
295,Hazardous materials removal workers,8.641636,13.951155,45.3,43900.0,6.730527468185536
296,"Health and safety engineers, except mining safety engineers and inspectors",-32.07153,3.5946677,26.4,91410.0,5.138093031466052
297,Health education specialists,-24.229012,1.9724281,62.2,55220.0,7.886697661252142
298,"Health specialties teachers, postsecondary",-21.215816,1.7740598,254.0,97320.0,15.937377450509228
299,Healthcare social workers,-16.247166,-14.168392,185.0,56750.0,13.601470508735444
300,"Healthcare support workers, all other",-4.9711223,4.236915,96.9,38460.0,9.843779761859771
301,Hearing aid specialists,-10.566747,1.0247867,8.1,53420.0,2.8460498941515415
302,"Heat treating equipment setters, operators, and tenders, metal and plastic",30.561087,4.773631,20.1,38250.0,4.483302354291979
303,"Heating, air conditioning, and refrigeration mechanics and installers",4.711422,16.721104,376.8,48730.0,19.411336893681487
304,Heavy and tractor-trailer truck drivers,13.201017,17.024813,2029.9,45260.0,45.05441154870409
305,"Helpers--brickmasons, blockmasons, stonemasons, and tile and marble setters",21.523428,15.502797,23.4,35410.0,4.8373546489791295
306,Helpers--carpenters,26.491064,13.91053,33.2,33060.0,5.761944116355173
307,Helpers--electricians,14.346181,13.057701,81.1,32830.0,9.00555384193554
308,Helpers--extraction workers,-5.2951097,20.37409,16.9,37120.0,4.110960958218893
309,"Helpers--installation, maintenance, and repair workers",25.231392,17.117937,101.1,30530.0,10.054849576199537
310,"Helpers--painters, paperhangers, plasterers, and stucco masons",27.406214,-7.0833907,11.0,31340.0,3.3166247903554
311,"Helpers--pipelayers, plumbers, pipefitters, and steamfitters",18.744154,17.388762,59.3,32100.0,7.700649323271382
312,Helpers--production workers,29.216288,4.8787203,304.2,29100.0,17.44133022449836
313,Helpers--roofers,3.4283555,15.372446,9.1,32110.0,3.0166206257996713
314,Highway maintenance workers,-7.651558,13.698983,156.1,40730.0,12.493998559308384
315,Historians,-10.725786,-7.1538177,3.5,63680.0,1.8708286933869707
316,"History teachers, postsecondary",-26.020126,-14.872429,26.0,75170.0,5.0990195135927845
317,Hoist and winch operators,17.093851,21.449339,4.9,59720.0,2.2135943621178655
318,Home appliance repairers,12.642868,7.4063926,38.4,40260.0,6.196773353931867
319,"Hosts and hostesses, restaurant, lounge, and coffee shop",22.668184,-12.49986,429.7,23090.0,20.72920644887305
320,"Hotel, motel, and resort desk clerks",9.451737,-11.101171,276.5,24470.0,16.62828914831589
321,"Human resources assistants, except payroll and timekeeping",-7.3469253,-13.357143,123.9,41430.0,11.131037687475503
322,Human resources managers,-24.891806,-3.2122917,165.2,116720.0,12.853015210447703
323,Human resources specialists,-9.176978,-13.621427,666.5,61920.0,25.816661286851172
324,Hydrologists,-31.781456,0.52124226,7.0,81270.0,2.6457513110645907
325,Industrial engineering technologists and technicians,4.3062143,18.317116,68.5,56550.0,8.276472678623424
326,Industrial engineers,-34.341675,3.2842972,295.8,88020.0,17.198837169994952
327,Industrial machinery mechanics,32.794678,8.334149,399.4,53590.0,19.98499437077729
328,Industrial production managers,-33.03218,6.887942,190.1,105480.0,13.787675656179326
329,Industrial truck and tractor operators,13.650811,18.042553,634.7,36200.0,25.193253065056922
330,Industrial-organizational psychologists,-26.812038,-5.3988557,1.1,92880.0,1.0488088481701516
331,"Inspectors, testers, sorters, samplers, and weighers",26.122873,4.2487216,590.1,39140.0,24.291973983190417
332,"Installation, maintenance, and repair workers, all other",8.399553,20.027702,187.7,39830.0,13.700364958642524
333,Instructional coordinators,-23.370985,-4.029687,192.9,66290.0,13.888844444373333
334,"Insulation workers, floor, ceiling, and wall",25.90769,-2.4576504,34.0,40380.0,5.830951894845301
335,"Insulation workers, mechanical",18.222038,11.344085,27.3,48690.0,5.224940191045253
336,"Insurance appraisers, auto damage",-4.645608,-6.002446,15.9,63270.0,3.987480407475377
337,Insurance claims and policy processing clerks,4.673386,-17.138407,293.9,40750.0,17.14351189225825
338,Insurance sales agents,-1.9162644,-13.419769,501.3,50940.0,22.38972978845435
339,Insurance underwriters,-2.859482,-17.444143,114.7,70020.0,10.709808588392232
340,Interior designers,-28.581738,6.157166,77.9,56040.0,8.826097665446492
341,Interpreters and translators,-8.946479,-15.486809,77.4,51830.0,8.79772697916911
342,"Interviewers, except eligibility and loan",10.378799,-18.98186,201.9,34970.0,14.20915198032592
343,"Janitors and cleaners, except maids and housekeeping cleaners",26.618895,-8.475992,2374.2,27430.0,48.725763205926285
344,Jewelers and precious stone and metal workers,16.874193,2.8342142,35.1,40870.0,5.92452529743945
345,"Judges, magistrate judges, and magistrates",-8.331572,-18.629835,29.9,136910.0,5.468089245796926
346,Judicial law clerks,2.9042733,-19.06055,17.3,54010.0,4.159326868617084
347,"Kindergarten teachers, except special education",-14.265947,-10.806625,127.7,56850.0,11.30044246921332
348,Labor relations specialists,-24.367619,-6.191623,78.9,69020.0,8.882567196480982
349,"Laborers and freight, stock, and material movers, hand",24.976461,-4.6055536,2986.0,29510.0,54.644304369257
350,Landscape architects,-29.175236,5.9188147,24.5,69360.0,4.949747468305833
351,Landscaping and groundskeeping workers,33.191456,-0.616029,1188.0,30440.0,34.46737587922817
352,"Lathe and turning machine tool setters, operators, and tenders, metal and plastic",29.691504,9.347264,28.2,40100.0,5.310367218940701
353,Laundry and dry-cleaning workers,28.426313,-6.068282,215.2,24220.0,14.669696656713798
354,"Law teachers, postsecondary",-23.975605,-14.925245,21.3,113530.0,4.61519230368573
355,Lawyers,-9.636625,-19.151562,813.9,122960.0,28.52893268245414
356,"Layout workers, metal and plastic",8.515472,16.030924,8.5,49940.0,2.9154759474226504
357,Legal secretaries and administrative assistants,5.677165,-16.689447,171.8,47300.0,13.107249902248755
358,"Library assistants, clerical",8.051091,-12.983849,90.5,27490.0,9.513148795220223
359,"Library science teachers, postsecondary",-26.400465,-13.644231,5.4,71410.0,2.32379000772445
360,Library technicians,8.841118,-13.565319,94.1,34900.0,9.70051545022222
361,Licensed practical and licensed vocational nurses,-10.935919,6.2944455,721.7,47480.0,26.864474683120086
362,"Life, physical, and social science technicians, all other",1.2706971,11.387395,71.0,50550.0,8.426149773176359
363,"Lifeguards, ski patrol, and other recreational protective service workers",21.115547,-12.051594,149.8,23420.0,12.239281024635394
364,Light truck drivers,20.490633,-3.9097712,1018.6,34730.0,31.91551346915791
365,Loan interviewers and clerks,-1.4775295,-16.456022,212.6,40640.0,14.580809305384937
366,Loan officers,-3.2654088,-14.6637945,316.9,63270.0,17.80168531347524
367,"Locker room, coatroom, and dressing room attendants",24.808876,-12.962384,16.8,25110.0,4.09878030638384
368,Locksmiths and safe repairers,8.495008,7.1182,21.1,41940.0,4.5934736311423405
369,Locomotive engineers,13.519361,19.643269,27.4,67090.0,5.2345009313209605
370,Lodging managers,-18.07931,-1.2836252,57.2,54430.0,7.563068160475615
371,Log graders and scalers,11.300168,12.384656,4.8,37280.0,2.1908902300206643
372,Logging equipment operators,3.1644385,24.707169,39.2,41440.0,6.260990336999411
373,Logisticians,-33.222534,1.9282169,188.2,74750.0,13.718600511714014
374,Machine feeders and offbearers,31.557688,-2.9046276,62.9,31180.0,7.930952023559341
375,Machinists,29.965443,8.222197,388.1,44420.0,19.700253805471643
376,Magnetic resonance imaging technologists,-6.071601,6.087692,38.7,73410.0,6.220932405998316
377,Maids and housekeeping cleaners,18.164486,-7.049166,1474.9,24850.0,38.40442682816657
378,"Mail clerks and mail machine operators, except postal service",28.93873,-8.941751,88.4,30960.0,9.402127418834526
379,"Maintenance and repair workers, general",28.072527,0.45106676,1516.4,39080.0,38.94098098404815
380,"Maintenance workers, machinery",32.61491,9.053461,73.2,47520.0,8.555699854482976
381,"Makeup artists, theatrical and performance",9.83401,-5.0421457,4.7,75730.0,2.16794833886788
382,Management analysts,-27.126398,-4.4331055,876.3,85260.0,29.602364770403057
383,Manicurists and pedicurists,25.706858,-12.474511,155.3,25770.0,12.461942063739505
384,Manufactured building and mobile home installers,-9.294111,18.586693,2.9,33890.0,1.70293863659264
385,Marine engineers and naval architects,-35.731777,4.930738,11.8,92400.0,3.4351128074635335
386,Market research analysts and marketing specialists,-28.852247,-9.3053875,738.1,63790.0,27.167995877502634
387,Marketing managers,-21.60995,-7.17204,286.3,136850.0,16.92040188648012
388,Marriage and family therapists,-16.475225,-15.994321,66.2,49610.0,8.136338242723197
389,Massage therapists,11.606699,-9.861465,166.7,42820.0,12.911235417263523
390,Materials engineers,-36.050797,1.9838501,27.5,93360.0,5.244044240850758
391,Materials scientists,-36.301514,0.9728102,7.0,96810.0,2.6457513110645907
392,"Mathematical science teachers, postsecondary",-20.334805,-14.488067,60.1,73690.0,7.752418977325722
393,Mathematicians,-30.169466,-12.367654,2.9,105030.0,1.70293863659264
394,"Meat, poultry, and fish cutters and trimmers",23.512148,7.4019804,161.8,28100.0,12.720062892926277
395,Mechanical door repairers,13.4411,7.1747956,23.4,41570.0,4.8373546489791295
396,Mechanical drafters,2.4870467,-4.9153905,57.5,57060.0,7.582875444051551
397,Mechanical engineering technologists and technicians,2.9311724,17.642176,43.5,56980.0,6.59545297913646
398,Mechanical engineers,-35.3847,3.571331,316.3,88430.0,17.78482499211055
399,Medical and health services managers,-25.269022,-2.0122364,422.3,100980.0,20.549939172659368
400,Medical appliance technicians,3.7794702,8.12531,14.8,40690.0,3.847076812334269
401,Medical assistants,-7.372913,5.4164214,725.2,34800.0,26.929537686339884
402,Medical equipment preparers,-1.0845699,16.034983,58.7,37440.0,7.661592523751182
403,Medical equipment repairers,1.705481,18.678743,53.9,49280.0,7.341661937191061
404,"Medical scientists, except epidemiologists",-30.977158,-3.4872117,138.3,88790.0,11.76010204037363
405,Medical secretaries and administrative assistants,5.1488905,-15.885459,623.4,36580.0,24.96797949374358
406,Medical transcriptionists,8.02973,-19.78368,58.5,33380.0,7.648529270389178
407,"Meeting, convention, and event planners",-18.888622,2.184963,138.6,50600.0,11.77285012220915
408,Mental health and substance abuse social workers,-15.401134,-15.432752,123.2,46650.0,11.099549540409287
409,Merchandise displayers and window trimmers,14.582428,-8.928359,180.4,29460.0,13.431306712304652
410,Metal-refining furnace operators and tenders,25.83908,10.345251,17.1,42250.0,4.135214625627067
411,"Meter readers, utilities",19.953531,-3.966915,30.9,42280.0,5.558776843874918
412,Microbiologists,-34.639782,-1.7775108,20.2,75650.0,4.494441010848846
413,"Middle school teachers, except special and career/technical education",-15.918765,-10.196648,627.1,59660.0,25.041964779146223
414,"Milling and planing machine setters, operators, and tenders, metal and plastic",29.757341,3.5259275,19.2,43210.0,4.381780460041329
415,Millwrights,-4.934133,19.398043,48.7,55560.0,6.978538528947161
416,"Mining and geological engineers, including mining safety engineers",-33.1909,3.191121,6.3,91160.0,2.5099800796022267
417,"Mixing and blending machine setters, operators, and tenders",28.596695,3.0601277,128.0,37780.0,11.313708498984761
418,"Mobile heavy equipment mechanics, except engines",7.1701217,23.102406,152.9,53370.0,12.365273955719704
419,"Model makers, metal and plastic",34.09617,4.2833385,4.4,57020.0,2.0976176963403033
420,"Model makers, wood",29.781403,15.238962,1.4,59260.0,1.1832159566199232
421,Models,26.52778,-13.914004,2.7,28350.0,1.6431676725154984
422,"Molders, shapers, and casters, except metal and plastic",28.29876,6.455897,49.4,34030.0,7.0285133563222315
423,"Molding, coremaking, and casting machine setters, operators, and tenders, metal and plastic",31.586779,4.7301874,173.4,32130.0,13.168143377105217
424,"Morticians, undertakers, and funeral arrangers",-15.869799,1.8679599,26.6,54150.0,5.157518783291051
425,Motion picture projectionists,27.747189,-0.18553849,4.7,25150.0,2.16794833886788
426,Motorboat mechanics and service technicians,13.180729,9.134086,25.7,41330.0,5.06951674225463
427,Motorboat operators,10.858189,10.616409,2.5,48260.0,1.5811388300841898
428,Motorcycle mechanics,26.386051,0.24642198,17.4,37600.0,4.171330722922842
429,"Multiple machine tool setters, operators, and tenders, metal and plastic",29.63467,6.7449,150.5,36330.0,12.267844146385297
430,Museum technicians and conservators,4.5667577,7.7170153,14.8,44430.0,3.847076812334269
431,Music directors and composers,-10.809379,-5.778239,58.0,51670.0,7.615773105863909
432,Musical instrument repairers and tuners,14.432199,3.3160737,8.9,36650.0,2.9832867780352594
433,Musicians and singers,10.200347,-9.63088,175.6,,13.251415018781957
434,Natural sciences managers,-29.171452,0.96391463,71.4,129100.0,8.449852069711044
435,New accounts clerks,-4.9657097,-14.084108,44.3,36550.0,6.6558245169174945
436,Nuclear engineers,-36.53966,2.9203265,16.4,113460.0,4.049691346263317
437,Nuclear medicine technologists,-4.7995996,6.0157743,18.5,77950.0,4.301162633521313
438,Nuclear power reactor operators,-1.3119226,13.87943,5.3,100530.0,2.3021728866442674
439,Nuclear technicians,-0.24870667,14.37999,6.7,82080.0,2.588435821108957
440,Nurse anesthetists,-14.822759,6.906778,44.9,174790.0,6.700746227100382
441,Nurse midwives,-14.900717,5.20738,7.2,105030.0,2.6832815729997477
442,Nurse practitioners,-14.893216,4.9422092,211.3,109820.0,14.536161804272819
443,"Nursing instructors and teachers, postsecondary",-16.04908,4.996238,72.9,74600.0,8.538149682454625
444,Occupational therapists,-13.8064165,-7.6012173,143.3,84950.0,11.970797801316335
445,Occupational therapy aides,-4.8340673,3.0361137,8.0,29230.0,2.8284271247461903
446,Occupational therapy assistants,-3.79317,2.840808,47.1,61510.0,6.862943974709396
447,"Office clerks, general",7.7828426,-15.048394,3126.3,34040.0,55.91332578196364
448,"Office machine operators, except computer",19.412088,0.037335552,47.3,33450.0,6.877499545619759
449,Operating engineers and other construction equipment operators,16.507093,16.534256,418.0,48980.0,20.445048300260872
450,Operations research analysts,-30.821379,-11.839201,105.1,84810.0,10.251829105091442
451,Ophthalmic laboratory technicians,20.229952,-0.030491313,30.2,32620.0,5.495452665613635
452,Ophthalmic medical technicians,-6.8955956,3.8365057,59.5,36940.0,7.713624310270756
453,"Opticians, dispensing",-11.6791315,0.41367838,73.8,37840.0,8.590692637965812
454,Optometrists,-12.919748,3.5326939,44.4,115250.0,6.663332499583072
455,Oral and maxillofacial surgeons,-15.021858,7.663736,5.6,208000.0,2.3664319132398464
456,Order clerks,-5.942719,-6.3666706,146.0,34240.0,12.083045973594572
457,Orthodontists,-13.765064,1.8710606,7.2,208000.0,2.6832815729997477
458,Orthotists and prosthetists,-13.237687,8.328449,10.0,68410.0,3.1622776601683795
459,Outdoor power equipment and other small engine mechanics,20.455107,7.2010484,35.0,36100.0,5.916079783099616
460,Packaging and filling machine operators and tenders,25.876925,7.07477,392.1,30990.0,19.801515093547767
461,"Packers and packagers, hand",9.505544,12.758209,640.8,25910.0,25.314027731674784
462,"Painters, construction and maintenance",17.817253,9.946119,379.5,40280.0,19.480759738778158
463,"Painting, coating, and decorating workers",32.103092,-6.705291,12.8,32950.0,3.5777087639996634
464,"Paper goods machine setters, operators, and tenders",26.879402,7.6429157,100.4,39210.0,10.019980039900279
465,Paperhangers,26.611116,-5.013831,5.6,40520.0,2.3664319132398464
466,Paralegals and legal assistants,0.42440462,-17.854635,337.8,51740.0,18.379336223052235
467,Parking attendants,22.834988,-10.319298,149.8,25140.0,12.239281024635394
468,Parking enforcement workers,-7.0349584,14.408449,8.1,40920.0,2.8460498941515415
469,Parts salespersons,-6.639192,12.5923395,261.7,31710.0,16.17714437099453
470,Passenger attendants,24.36991,-12.032586,28.0,26570.0,5.291502622129181
471,"Patternmakers, metal and plastic",30.951534,9.357462,3.1,46910.0,1.760681686165901
472,"Patternmakers, wood",33.874733,3.0032642,0.7,64880.0,0.8366600265340756
473,"Paving, surfacing, and tamping equipment operators",21.01197,17.480343,46.6,40130.0,6.826419266350405
474,Payroll and timekeeping clerks,2.8427896,-17.509756,149.8,46180.0,12.239281024635394
475,Personal financial advisors,-25.732187,-6.516984,263.0,87850.0,16.217274740226856
476,Pest control workers,19.454607,-3.1528819,87.6,37330.0,9.359487165438072
477,"Pesticide handlers, sprayers, and applicators, vegetation",9.475098,10.457357,38.1,35840.0,6.172519744804386
478,Petroleum engineers,-34.366837,0.020083575,33.4,137720.0,5.779273310719955
479,"Petroleum pump system operators, refinery operators, and gaugers",7.6007056,18.208065,41.3,74180.0,6.4265076052238514
480,Pharmacists,-12.358272,3.248173,321.7,128090.0,17.93599732381782
481,Pharmacy aides,-7.2003946,7.805301,37.9,27850.0,6.156297588648554
482,Pharmacy technicians,-2.0172162,3.9119353,422.3,33950.0,20.549939172659368
483,"Philosophy and religion teachers, postsecondary",-22.744093,-14.009556,30.9,75240.0,5.558776843874918
484,Phlebotomists,-7.685542,5.8954077,132.6,35510.0,11.515207336387824
485,Photographers,9.941002,0.86156476,133.5,36280.0,11.554220008291344
486,Photographic process workers and processing machine operators,18.79072,1.4156077,12.3,32280.0,3.5071355833500366
487,"Physical scientists, all other",-32.242744,-6.7162933,22.8,109910.0,4.774934554525329
488,Physical therapist aides,11.901121,-7.5258217,50.6,27000.0,7.113367697511496
489,Physical therapist assistants,-2.7148404,2.3166788,98.7,58790.0,9.934787365615835
490,Physical therapists,-3.7052934,2.3245578,258.2,89440.0,16.068602926203635
491,Physician assistants,-9.939106,5.038009,125.5,112260.0,11.20267825120404
492,Physicists,-33.876007,-5.407807,18.2,122850.0,4.266145801540309
493,"Physics teachers, postsecondary",-33.063347,-2.6728323,17.1,89590.0,4.135214625627067
494,Pile driver operators,16.291203,19.614431,3.6,62600.0,1.8973665961010275
495,Pipelayers,23.804977,14.412312,38.9,38820.0,6.23698645180507
496,"Plant and system operators, all other",8.044846,20.194658,13.2,58390.0,3.63318042491699
497,Plasterers and stucco masons,15.792935,13.199403,27.7,45440.0,5.263078946776307
498,"Plating machine setters, operators, and tenders, metal and plastic",25.566662,7.6982145,42.1,33500.0,6.488451279003334
499,"Plumbers, pipefitters, and steamfitters",19.446325,14.28928,490.2,55160.0,22.140460699813815
500,Podiatrists,-10.979373,3.7974477,10.5,126240.0,3.24037034920393
501,Police and sheriff's patrol officers,-16.257082,10.6041975,688.4,63150.0,26.237377917772193
502,"Political science teachers, postsecondary",-25.442595,-14.234987,19.8,85930.0,4.449719092257398
503,Political scientists,-28.043776,-13.292197,7.0,122220.0,2.6457513110645907
504,Postal service clerks,13.392771,-6.4230843,78.1,48330.0,8.83742043811428
505,Postal service mail carriers,28.34377,-11.372681,326.6,51310.0,18.072077910411963
506,"Postal service mail sorters, processors, and processing machine operators",29.132624,-7.9958744,98.5,60140.0,9.924716620639604
507,Postmasters and mail superintendents,-18.312859,-0.309794,13.4,76900.0,3.6606010435446255
508,"Pourers and casters, metal",11.510732,20.539776,8.0,38620.0,2.8284271247461903
509,Power distributors and dispatchers,-8.594741,10.611092,11.2,90700.0,3.3466401061363023
510,Power plant operators,10.297492,19.872362,35.3,81990.0,5.941380311005179
511,Prepress technicians and workers,3.8833797,-2.2581108,30.2,40510.0,5.495452665613635
512,"Preschool teachers, except special education",20.00611,-13.891177,540.4,30520.0,23.246505113672463
513,"Pressers, textile, garment, and related materials",31.184391,-4.180891,38.3,24190.0,6.18869937870632
514,Print binding and finishing workers,28.077034,7.370732,45.2,33040.0,6.723094525588644
515,Printing press operators,32.45498,6.835551,181.4,36910.0,13.468481725866505
516,Private detectives and investigators,-4.6746197,-7.724979,36.2,50510.0,6.016643582596529
517,Probation officers and correctional treatment specialists,-9.727946,-11.106124,91.8,54290.0,9.581231653602787
518,Procurement clerks,2.7567875,-14.424069,68.5,43310.0,8.276472678623424
519,Producers and directors,-10.944401,-5.4812117,159.5,74420.0,12.62933094031509
520,"Production workers, all other",15.954327,10.079231,238.6,29800.0,15.446682491719702
521,"Production, planning, and expediting clerks",-7.320636,-1.8580989,378.5,48260.0,19.45507645834372
522,Proofreaders and copy markers,8.105291,-19.782003,10.3,40630.0,3.2093613071762426
523,"Property, real estate, and community association managers",-19.302288,-1.3952461,367.9,58760.0,19.180719485983836
524,Prosthodontists,-14.323728,8.804441,0.6,208000.0,0.7745966692414834
525,Psychiatric technicians,-9.163086,4.8546643,82.8,33780.0,9.09945053286186
526,"Psychologists, all other",-23.6238,-9.962731,19.8,101790.0,4.449719092257398
527,"Psychology teachers, postsecondary",-24.094938,-11.133192,46.8,76620.0,6.841052550594828
528,Public relations specialists,-21.458193,-6.58919,274.6,61150.0,16.57105910918189
529,Public safety telecommunicators,-8.696644,-10.41824,98.3,41910.0,9.91463564635635
530,"Pump operators, except wellhead pumpers",11.492896,19.0444,10.5,45040.0,3.24037034920393
531,Purchasing managers,-24.01326,-5.366882,76.9,121110.0,8.769264507357502
532,Radiation therapists,-5.350265,9.278339,18.5,85560.0,4.301162633521313
533,"Radio, cellular, and tower equipment installers and repairers",2.6686027,18.901602,15.0,55380.0,3.872983346207417
534,Radiologic technologists and technicians,-4.4034853,6.7413325,212.0,60510.0,14.560219778561036
535,Rail car repairers,25.08539,14.094777,24.3,56390.0,4.929503017546495
536,"Rail yard engineers, dinkey operators, and hostlers",14.850952,18.603123,5.2,49330.0,2.280350850198276
537,Rail-track laying and maintenance equipment operators,16.404879,14.776129,13.9,56100.0,3.7282703764614498
538,Railroad conductors and yardmasters,24.99799,4.681582,36.0,65990.0,6.0
539,Real estate brokers,-3.4379492,-13.896468,100.7,59720.0,10.03493896344168
540,Real estate sales agents,-18.761997,-3.682044,376.5,48930.0,19.403607911932255
541,Receptionists and information clerks,5.651241,-13.592072,1105.3,30050.0,33.24605239723959
542,"Recreation and fitness studies teachers, postsecondary",-21.13547,-2.0890608,19.1,64380.0,4.370354676682432
543,Recreation workers,-15.701083,0.6813836,417.1,26350.0,20.423026220420912
544,Recreational therapists,-13.945536,-7.247912,19.9,48220.0,4.460941604639093
545,Recreational vehicle service technicians,12.270083,8.634905,15.9,38570.0,3.987480407475377
546,"Refractory materials repairers, except brickmasons",27.289204,12.6595955,0.8,53990.0,0.8944271909999159
547,Refuse and recyclable material collectors,26.521118,-1.2331161,133.6,37840.0,11.55854662143991
548,Registered nurses,-14.47817,5.15599,3096.7,73300.0,55.648000862564686
549,Rehabilitation counselors,-10.29098,-13.170791,120.2,35950.0,10.963576058932597
550,Reinforcing iron and rebar workers,19.105947,12.072416,18.8,49100.0,4.33589667773576
551,Reservation and transportation ticket agents and travel clerks,-0.84414935,2.7879674,126.3,38380.0,11.23832727766904
552,Residential advisors,-13.693038,-3.9406955,115.2,29450.0,10.73312629199899
553,Respiratory therapists,-5.1546645,8.5614,135.8,61330.0,11.653325705565772
554,Retail salespersons,15.672357,-11.066435,4371.4,25250.0,66.11656373405987
555,Riggers,30.281675,-0.68968546,23.5,50860.0,4.847679857416329
556,"Rock splitters, quarry",31.936483,-0.015248938,5.1,36070.0,2.258317958127243
557,"Rolling machine setters, operators, and tenders, metal and plastic",7.2313433,20.043848,32.6,40490.0,5.709640969448079
558,Roofers,10.657116,14.738828,161.6,42100.0,12.712198865656562
559,"Rotary drill operators, oil and gas",-3.8971012,19.930996,20.9,54980.0,4.571651780264984
560,"Roustabouts, oil and gas",23.524128,13.237384,58.5,38910.0,7.648529270389178
561,Sailors and marine oilers,13.862792,21.259142,31.9,43480.0,5.648008498577175
562,Sales engineers,-29.866568,-5.6220884,64.5,103900.0,8.031189202104505
563,Sales managers,-22.78351,-5.6406493,433.8,126640.0,20.827865949251738
564,"Sales representatives, wholesale and manufacturing, except technical and scientific products",-3.4113321,-12.139988,1399.7,59930.0,37.412564734324214
565,"Sales representatives, wholesale and manufacturing, technical and scientific products",-2.4575818,-12.595105,321.0,81020.0,17.916472867168917
566,"Sawing machine setters, operators, and tenders, wood",31.405712,-1.38407,54.5,30410.0,7.3824115301167
567,"Secondary school teachers, except special and career/technical education",-15.163723,-10.419334,1050.8,61660.0,32.41604540964243
568,"Secretaries and administrative assistants, except legal, medical, and executive",6.848522,-15.209203,2250.2,37690.0,47.43627304078599
569,"Securities, commodities, and financial services sales agents",-3.765008,-16.539558,464.2,62270.0,21.54530111184339
570,Security and fire alarm systems installers,11.729493,5.9460907,76.3,48970.0,8.734987120768983
571,Security guards,-5.1552353,0.359426,1154.1,29680.0,33.97204733306487
572,Self-enrichment teachers,-12.589998,-12.077726,386.2,39190.0,19.651971911235776
573,Semiconductor processing technicians,23.180584,10.572206,30.8,38060.0,5.549774770204643
574,"Separating, filtering, clarifying, precipitating, and still machine setters, operators, and tenders",27.204163,5.519965,53.1,41330.0,7.286974680894672
575,Septic tank servicers and sewer pipe cleaners,23.323212,-3.8585234,30.7,39870.0,5.540758070878027
576,"Service unit operators, oil and gas",-6.553685,18.959719,51.7,46740.0,7.19027120489902
577,Set and exhibit designers,-27.47897,6.024076,15.2,54600.0,3.8987177379235853
578,"Sewers, hand",16.27675,2.874956,7.5,29950.0,2.7386127875258306
579,Sewing machine operators,30.071306,-4.1479325,146.5,26420.0,12.103718436910205
580,Shampooers,16.993362,-10.345506,16.8,22550.0,4.09878030638384
581,Sheet metal workers,15.457896,14.615259,137.7,50400.0,11.734564329364767
582,Ship engineers,8.260729,23.612112,8.7,74610.0,2.949576240750525
583,"Shipping, receiving, and inventory clerks",16.19389,6.6900115,710.4,34190.0,26.65332999833229
584,Shoe and leather workers and repairers,26.74185,-10.167974,10.8,29560.0,3.286335345030997
585,Shoe machine operators and tenders,33.13246,0.83236265,5.3,30570.0,2.3021728866442674
586,Signal and track switch repairers,8.980422,24.37765,6.6,73890.0,2.569046515733026
587,Skincare specialists,14.595874,-10.594174,78.6,34090.0,8.8656641037206
588,Slaughterers and meat packers,30.575191,-5.9535403,75.0,29230.0,8.660254037844387
589,Social and community service managers,-15.930964,-13.493325,175.5,67150.0,13.24764129949177
590,Social and human service assistants,-10.530416,-10.491613,425.6,35060.0,20.630075133164205
591,Social science research assistants,-4.209681,-15.831387,40.1,47510.0,6.332456079595025
592,"Social scientists and related workers, all other",-28.654337,-6.788056,38.8,83330.0,6.2289646009589745
593,"Social work teachers, postsecondary",-24.53112,-13.5742,17.3,72070.0,4.159326868617084
594,Sociologists,-27.291967,-13.444197,3.2,83420.0,1.7888543819998317
595,"Sociology teachers, postsecondary",-26.96409,-15.133514,17.0,75290.0,4.123105625617661
596,Soil and plant scientists,-31.224836,-0.16958049,17.8,63200.0,4.219004621945797
597,Solar photovoltaic installers,13.896865,13.706713,12.0,44890.0,3.4641016151377544
598,Sound engineering technicians,1.7462398,15.631013,15.8,54740.0,3.9749213828703582
599,"Special education teachers, all other",-17.738323,5.867483,36.6,61190.0,6.04979338490167
600,"Special education teachers, kindergarten and elementary school",-15.164607,-11.736469,193.0,60460.0,13.892443989449804
601,"Special education teachers, preschool",-13.420456,-9.35661,23.0,60000.0,4.795831523312719
602,Special effects artists and animators,0.7009181,-10.840861,67.5,75270.0,8.215838362577491
603,Speech-language pathologists,-12.98094,-10.248886,162.6,79120.0,12.751470503436064
604,Stationary engineers and boiler operators,5.5680556,19.980476,34.4,62150.0,5.865151319446072
605,Statistical assistants,-3.6387656,-19.92907,10.8,49870.0,3.286335345030997
606,Statisticians,-29.812243,-11.542199,42.7,91160.0,6.534523701081817
607,Stonemasons,17.745502,12.246815,16.8,43280.0,4.09878030638384
608,Structural iron and steel workers,22.019533,14.724056,77.0,55040.0,8.774964387392123
609,Structural metal fabricators and fitters,31.674213,2.035606,78.5,40390.0,8.860022573334675
610,Subway and streetcar operators,21.483143,-3.13415,10.7,67880.0,3.271085446759225
611,Surgical technologists,-2.493307,7.687878,111.3,48300.0,10.549881515922348
612,Survey researchers,-29.539742,-9.72568,12.2,59170.0,3.492849839314596
613,Surveying and mapping technicians,2.6773577,-3.4515347,58.4,45010.0,7.64198926981712
614,Surveyors,-32.797928,5.1801515,48.0,63420.0,6.928203230275509
615,"Switchboard operators, including answering service",10.213829,-14.4563265,69.9,30610.0,8.360621986431392
616,"Tailors, dressmakers, and custom sewers",17.74039,3.6779215,37.3,31520.0,6.107372593840988
617,"Tank car, truck, and ship loaders",8.986977,18.881626,12.2,42360.0,3.492849839314596
618,Tapers,27.208344,-7.7153025,21.8,59070.0,4.669047011971501
619,"Tax examiners and collectors, and revenue agents",-6.8778887,-15.035063,57.6,54890.0,7.58946638440411
620,Tax preparers,-1.9475315,-15.432212,88.4,43080.0,9.402127418834526
621,Technical writers,0.45083797,-7.411334,58.4,72850.0,7.64198926981712
622,"Telecommunications equipment installers and repairers, except line installers",11.194442,6.267122,215.7,57910.0,14.68672870315238
623,Telecommunications line installers and repairers,11.680244,7.013074,123.6,56750.0,11.117553687749837
624,Telemarketers,10.681152,-18.984337,136.9,26290.0,11.700427342623003
625,Telephone operators,7.8344703,-17.291903,5.0,35750.0,2.23606797749979
626,Tellers,-4.759626,-5.231477,449.0,31230.0,21.18962010041709
627,Terrazzo workers and finishers,18.075363,14.111965,3.0,52180.0,1.7320508075688772
628,Textile bleaching and dyeing machine operators and tenders,26.895424,6.2531753,9.0,29460.0,3.0
629,"Textile cutting machine setters, operators, and tenders",29.907286,-3.2545688,13.1,28730.0,3.6193922141707713
630,"Textile knitting and weaving machine setters, operators, and tenders",32.855988,-3.01418,24.8,29980.0,4.979959839195493
631,"Textile winding, twisting, and drawing out machine setters, operators, and tenders",30.703207,-2.4771988,31.0,29790.0,5.5677643628300215
632,Tile and stone setters,20.423887,14.150093,57.0,43050.0,7.54983443527075
633,Tire builders,34.995926,6.641182,21.0,46010.0,4.58257569495584
634,Tire repairers and changers,14.897499,8.6860285,113.4,28640.0,10.648943609579309
635,"Title examiners, abstractors, and searchers",1.1531941,-18.725288,63.6,48180.0,7.974960814950754
636,Tool and die makers,5.7189894,21.235128,72.5,53920.0,8.514693182963201
637,"Tool grinders, filers, and sharpeners",30.270584,5.9611554,7.1,39330.0,2.6645825188948455
638,Traffic technicians,4.2826977,3.7307992,7.7,47480.0,2.7748873851023217
639,Training and development managers,-23.805294,-2.9747324,42.3,113350.0,6.5038450166036395
640,Training and development specialists,-23.19812,-3.821836,327.9,61210.0,18.10800927766495
641,Transit and railroad police,-1.4042971,-0.12406548,4.5,71820.0,2.1213203435596424
642,Transportation inspectors,3.2773356,4.7945056,30.2,75820.0,5.495452665613635
643,Transportation security screeners,13.653001,-3.2678049,51.4,41770.0,7.1693793315739685
644,"Transportation, storage, and distribution managers",-18.778461,0.44823977,139.4,94560.0,11.806777714516354
645,Travel agents,-2.5533237,-14.247094,82.0,40660.0,9.055385138137417
646,Tree trimmers and pruners,20.06202,17.196312,62.0,39980.0,7.874007874011811
647,"Umpires, referees, and other sports officials",-11.170849,-12.039918,22.8,28550.0,4.774934554525329
648,Upholsterers,17.316845,8.228672,35.2,35130.0,5.932958789676531
649,Urban and regional planners,-26.40218,-3.4471776,39.7,74350.0,6.300793600809346
650,"Ushers, lobby attendants, and ticket takers",22.583902,-11.715311,139.0,23500.0,11.789826122551595
651,Veterinarians,-11.749843,5.2621527,89.2,95460.0,9.444575162494075
652,Veterinary assistants and laboratory animal caretakers,-2.4278579,4.095349,99.5,28590.0,9.974968671630002
653,Veterinary technologists and technicians,-2.2830184,5.2520237,112.9,35320.0,10.625441167311596
654,Waiters and waitresses,16.101992,-9.591749,2613.8,22890.0,51.12533618471374
655,Watch and clock repairers,15.883332,4.3824444,3.2,42520.0,1.7888543819998317
656,Water and wastewater treatment plant and system operators,-0.117584355,18.072557,126.4,47760.0,11.242775458044157
657,"Weighers, measurers, checkers, and samplers, recordkeeping",4.9825854,12.196408,61.3,35040.0,7.829431652425353
658,"Welders, cutters, solderers, and brazers",30.329165,2.3090515,438.9,42490.0,20.949940334043912
659,"Welding, soldering, and brazing machine setters, operators, and tenders",26.660862,12.810613,37.2,38310.0,6.099180272790763
660,Wellhead pumpers,9.335185,19.707315,14.1,55040.0,3.7549966711037173
661,Wind turbine service technicians,7.255701,23.997103,7.0,52910.0,2.6457513110645907
662,"Woodworking machine setters, operators, and tenders, except sawing",32.18979,-2.2001133,79.3,30990.0,8.905054744357274
663,Word processors and typists,6.640249,-14.906299,52.7,40340.0,7.259476565152615
664,Writers and authors,-2.1458848,-11.065211,131.2,63200.0,11.454256850621082
665,Zoologists and wildlife biologists,-30.550657,1.2868143,21.0,63270.0,4.58257569495584
